1030101,骨汤麻辣烫（荤素同价称斤）,17.8,10301
1030201,肉夹馍,5.5,10302
1030202,素夹馍,4.0,10302
1030203,燕麦银耳粥,2.0,10302
1030204,皮蛋瘦肉粥,2.0,10302
1030301,大饼+鸡蛋+菜,4.0,10303
1030302,大饼+鸡蛋+台肠,5.0,10303
1030303,大饼+鸡蛋+铁板里脊,5.0,10303
1030304,大饼+无骨鸡柳,6.0,10303
1030305,大饼+骨肉相连+鸡排,7.0,10303
1030306,大饼+骨肉相连+川香鸡柳,7.0,10303
1030307,大饼+顺心派+培根,8.0,10303
1030308,大饼+唐扬棒+腊肠,8.0,10303
1030401,爆炒洋白菜,1.0,10304
1030402,土豆丝,2.0,10304
1030403,芹菜花生,3.0,10304
1030404,土豆片海带五花肉,3.0,10304
1030405,鱼香肉丝,3.0,10304
1030406,肉沫豆腐,3.0,10304
1030407,青椒肉丝,13.0,10304
1030408,烧茄子,3.0,10304
1030409,醋溜白菜,1.0,10304
1030410,豆芽,2.0,10304
1030411,日本豆腐,3.0,10304
1030412,尖椒豆皮,3.0,10304
1030413,西红柿炒鸡蛋,3.0,10304
1030414,地三鲜,5.0,10304
1030415,木须肉,5.0,10304
1030416,红烧肉炖土豆,5.0,10304
1030417,鸡腿,5.0,10304
1030418,锅包肉,6.0,10304
1030419,酸菜炖五花肉,6.0,10304
1030420,小鸡炖粉条,5.0,10304
1030421,排骨炖冬瓜,5.0,10304
1030422,金针菇,5.0,10304
1030423,香椿鸡蛋,5.0,10304
1030424,糖醋里脊,6.0,10304
1030425,油饼,1.5,10304
1030426,馅饼,1.5,10304
1030427,小菜,1.0,10304
1030428,紫菜蛋花汤,1.0,10304
1030429,葱花米饼,1.0,10304
1030430,鸡蛋,1.0,10304
1030431,玉米饼,1.0,10304
1030432,黑米粥,1.5,10304
1030501,特色牛肉拉面,8.0,10305
1030502,老赵家肉酱面,9.0,10305
1030503,风味麻辣面,10.0,10305
1030504,老北京炸酱面,11.0,10305
1030601,馒头,0.6,10306
1030602,花卷,0.6,10306
1030603,鸡蛋,1.2,10306
1030604,烤肠,1.5,10306
1030605,培根,1.5,10306
1030606,南瓜小米粥,1.5,10306
1030607,西红柿鸡蛋汤,1.5,10306
1030608,滋补黑米粥,1.5,10306
1030609,拌汤,1.5,10306
1030610,绿豆粥,1.5,10306
1030611,清炒土豆丝,2.0,10306
1030612,麻婆豆腐,2.0,10306
1030613,清炒小白菜,3.0,10306
1030614,清炒藕片,3.0,10306
1030615,清炒豆芽,1.0,10306
1030616,红烧茄子,2.0,10306
1030617,西红柿炒鸡蛋,3.0,10306
1030618,鱼香肉丝,3.0,10306
1030619,豆皮肉卷,4.0,10306
1030620,清炒圆白菜,1.0,10306
1030621,雪花鸡排,5.0,10306
1030622,红烧鸡腿,5.0,10306
1030623,木须肉,5.0,10306
1030624,农家烩,5.0,10306
1030625,酱卤鸭,6.0,10306
1030626,奥尔良鸡腿肉,6.0,10306
1030627,可乐鸭腿,6.0,10306
1030628,糖醋里脊,6.0,10306
1030701,清炒豆芽,1.0,10307
1030702,清炒包菜,1.0,10307
1030703,红烧鱼豆腐,2.0,10307
1030704,酸辣土豆丝,2.0,10307
1030705,西红柿炒鸡蛋,3.0,10307
1030706,干锅土豆片,3.0,10307
1030707,椒盐土豆条,3.0,10307
1030708,油菜炒豆皮,3.0,10307
1030709,油淋娃娃菜,3.0,10307
1030710,麻辣冬瓜片,3.0,10307
1030711,鱼香肉丝,3.0,10307
1030712,糖醋茄子,4.0,10307
1030713,麻辣鸭血,4.0,10307
1030714,蒜薹炒肉,5.0,10307
1030715,芹菜肉丝,5.0,10307
1030716,土豆咖喱鸡,5.0,10307
1030717,奥尔良鸡排,5.0,10307
1030718,卤鸡腿,5.0,10307
1030719,玉米爆火腿,5.0,10307
1030720,肉沫茄子,5.0,10307
1030721,卤鸭腿,5.0,10307
1030722,干锅鸡块,6.0,10307
1030723,鸡米花,6.0,10307
1030724,酱香鸭脖,6.0,10307
1030801,烧饼,4.0,10308
1030802,鸡蛋,1.2,10308
1030803,培根,1.5,10308
1030804,火腿片,1.5,10308
1030805,烤肠,1.5,10308
1030806,里脊,2.0,10308
1030807,鸡柳,2.0,10308
1030901,煎饼,5.0,10309
1030902,小火腿,1.0,10309
1030903,培根,1.5,10309
1030904,大火腿,1.5,10309
1030905,烤肠,1.5,10309
1030906,里脊,2.0,10309
1030907,鸡柳,2.0,10309
1030908,肉松,1.5,10309
1031001,青菜蛋炒饭（饼）,7.0,10310
1031002,老干妈炒饭（饼）,7.0,10310
1031003,火腿炒饭（饼）,8.0,10310
1031004,香菇酱炒饭（饼）,9.0,10310
1031005,金针菇酱炒饭（饼）,9.0,10310
1031006,培根炒饭（饼）,9.0,10310
1031007,尖椒肉丝炒饭（饼）,10.0,10310
1031008,鸡蛋,1.2,10310
1031101,猪肉大葱（10个）,6.0,10311
1031102,香菇猪肉（10个）,6.0,10311
1031103,西葫芦鸡蛋（10个）,6.0,10311
1031104,芹菜猪肉（10个）,6.0,10311
1031105,玉米猪肉（10个）,6.0,10311
1031106,白菜猪肉（10个）,6.0,10311
1031107,酸菜猪肉（10个）,6.0,10311
1031108,三鲜猪肉（10个）,6.0,10311
1031109,莲藕猪肉（10个）,6.0,10311
1031110,茴香猪肉（10个）,6.0,10311
1031111,荠菜猪肉（10个）,6.0,10311
1031112,芹菜猪肉（10个）,6.0,10311
1031113,鲜大虾（20个）,20.0,10311
1031114,肉三鲜（20个）,20.0,10311
1031115,黑芝麻汤圆,6.0,10311
1031116,鸡蛋馄饨汤,6.0,10311
1031201,蔬菜过桥米线（面）,8.0,10312
1031202,火腿过桥米线（面）,9.0,10312
1031203,鱼豆腐过桥米线（面）,9.0,10312
1031204,菠菜丸过桥米线（面）,9.0,10312
1031205,蟹棒过桥米线（面）,9.0,10312
1031206,桂花肠过桥米线（面）,9.0,10312
1031207,香菇脆过桥米线（面）,10.0,10312
1031208,章（墨）鱼丸过桥米线（面）,10.0,10312
1031209,牛羊肉过桥米线（面）,12.0,10312
1031301,砂锅豆腐面,8.0,10313
1031302,砂锅火腿面,8.0,10313
1031303,砂锅鱼豆腐面,8.0,10313
1031304,砂锅菠菜丸面,8.0,10313
1031305,砂锅蟹棒面,8.0,10313
1031306,砂锅桂花肠面,8.0,10313
1031307,砂锅香菇脆面,9.0,10313
1031308,砂锅章（墨）鱼丸面,9.0,10313
1031309,砂锅牛肉面,10.0,10313
1031401,西红柿鸡蛋刀削面,7.0,10314
1031402,香菇鸡丁刀削面,7.0,10314
1031403,炸酱肉丝刀削面,7.0,10314
1031404,酸菜肉丝刀削面,7.0,10314
1031405,牛肉油泼刀削面,8.0,10314
1031406,小盘鸡刀削面,10.0,10314
1031407,麻辣担担面,8.0,10314
1031408,酸菜担担面,9.0,10314
1031409,豌豆担担面,9.0,10314
1031410,牛肉担担面,10.0,10314
1031411,肉沫担担面,10.0,10314
1031412,肉沫干拌面,10.0,10314
1031501,素菜菌类（斤）,13.0,10315
1031502,海鲜肉类（斤）,30.0,10315
1031601,素菜套餐,12.0,10316
1031602,麻辣拌面,12.0,10316
1031603,麻辣鸡架,12.0,10316
1031604,荤素套餐,15.0,10316
1031605,荤素套餐,18.0,10316
1031701,水煮鱼,13.8,10317
1031702,酸菜鱼,13.8,10317
1031703,水煮肉片,13.8,10317
1031704,麻辣酥肉,13.8,10317
1031705,海鲜毛血旺,13.8,10317
1031801,素石锅,8.0,10318
1031802,培根石锅饭,12.8,10318
1031803,鸡柳石锅饭,12.8,10318
1031804,传统石锅拌饭,12.8,10318
1031805,五花肉石锅饭,12.8,10318
1031806,孜然羊肉石锅饭,12.8,10318
1031807,小笋腊肉石锅饭,12.8,10318
1031808,芝士鸡柳石锅饭,13.8,10318
1031809,丁香鱼石锅饭,13.8,10318
1031810,广味香肠石锅饭,13.8,10318
1031811,鲜香带鱼石锅饭,13.8,10318
1031812,鲜香狮头鱼石锅饭,13.8,10318
1031901,蔬菜米线,8.0,10319
1031902,鱼豆腐米线,10.0,10319
1031903,墨鱼丸米线,10.0,10319
1031904,肥牛米线,10.0,10319
1031905,火锅排骨面,15.0,10319
1031906,火锅肥牛面,15.0,10319
1031907,火锅牛肉面,15.0,10319
1031908,火锅鱼丸面,12.0,10319
1031909,火锅鸡面,14.0,10319
1031910,陕西臊子面,10.0,10319
1031911,油泼面,8.0,10319
1031912,麻酱拌面,8.0,10319
1031913,炸酱面,9.0,10319
1031914,鸡丝拌面,10.0,10319
1031915,青椒肉丝拌面,12.0,10319
1031916,蔬菜面,9.0,10319
1031917,臊子面,10.0,10319
1031918,鱼丸面,10.0,10319
1031919,红烧排骨面,15.0,10319
1031920,牛肉面,15.0,10319
1031921,麻辣面,9.0,10319
1031922,青椒肉丝汤面,12.0,10319
1032001,拌米线,9.0,10320
1032002,热汁米皮,9.0,10320
1032003,鸡丝米皮,12.0,10320
1032004,牛肉米皮,15.0,10320
1032005,肥牛米皮,15.0,10320
1032006,牛筋面,9.0,10320
1032007,炸酱粗粮面,9.0,10320
1032008,蔬菜粗粮面,8.0,10320
1032009,杂丸粗粮面,11.0,10320
1032010,火锅素面,10.0,10320
1032011,火锅鱼丸面,12.0,10320
1032012,火锅牛肉面,15.0,10320
1032013,火锅排骨面,15.0,10320
1032014,火锅鸡面,15.0,10320
1032101,黑椒肥牛,15.0,10321
1032102,蒜香肥牛,15.0,10321
1032103,蒜香鱿鱼,16.0,10321
1032104,黑椒鸡排,13.0,10321
1032105,咖喱鸡肉,12.0,10321
1032106,蒜香大虾,16.0,10321
1032107,黑椒五花肉,13.0,10321
1032108,培根芝士,14.0,10321
1032109,黑椒猪排,14.0,10321
1032110,加芝士,2.0,10321
1032201,拌鸡架（大份加2元）,9.0,10322
1032202,拌鸡脖（大份加2元）,9.0,10322
1032203,拌鸡肝（大份加2元）,9.0,10322
1032204,拌鸡腿（大份加2元）,11.0,10322
1032205,鸡架混拌（大份加2元）,9.0,10322
1032206,鸡腿混拌（大份加2元）,13.0,10322
1032207,鸡腿（个）,6.0,10322
1032208,鸡架（个）,5.0,10322
1032209,鸡脖（个）,2.0,10322
1032210,鸡肝（个）,1.0,10322
1032211,花生（份）,2.0,10322
1032212,火腿（份）,2.0,10322
1032213,生菜（份）,3.0,10322
1032301,原味土豆泥,7.0,10323
1032302,番茄土豆泥,8.0,10323
1032303,沙拉土豆泥,8.0,10323
1032304,黑椒土豆泥,8.0,10323
1032305,麻辣土豆泥,8.0,10323
1032306,火腿土豆泥,8.0,10323
1032307,鸡腿土豆泥,11.0,10324
1032401,狮子头双拼饭,9.8,10324
1032402,尖叫鳕鱼饭,13.8,10324
1032403,荣耀鸡排饭,12.8,10324
1032404,王者排骨饭,14.8,10324
1032405,黄金咖喱鸡饭,13.8,10324
1032406,雪花鸡排,3.8,10324
1032407,青春鸡柳,4.8,10324
1032408,无尽薯条,4.8,10324
1032409,酥糯香蕉派,3.8,10324
1032410,深海鳕鱼派,3.8,10324
1032411,水晶慢炖酸菜,5.8,10324
1032501,鸭血粉丝,11.0,10325
1032502,鸭血面,11.0,10325
1032503,鸭血米线,11.0,10325
1032601,烤肉拌饭,12.0,10326
1032701,鸡排+果汁,10.0,10327
1032801,脆皮鸡拌饭（11种口味）,12.0,10328
1032901,干锅茄子,10.0,10329
1032902,干锅土豆,10.0,10329
1032903,干锅鸡蛋,10.0,10329
1032904,干锅木耳,10.0,10329
1032905,干锅金针菇,10.0,10329
1032906,干锅虾肉卷,11.0,10329
1032907,干锅鱼豆腐,11.0,10329
1032908,干锅火腿,11.0,10329
1032909,干锅脆肠,11.0,10329
1032910,干锅鱼丸,11.0,10329
1032911,干锅龙虾排,11.0,10329
1032912,干锅千页豆腐,11.0,10329
1032913,干锅骨肉相连,12.0,10329
1032914,干锅小肉,12.0,10329
1032915,干锅鸭胸,12.0,10329
1032916,干锅肥牛,12.0,10329
1032917,干锅酥肉,12.0,10329
1032918,干锅培根,12.0,10329
1032919,干锅鸡心,12.0,10329
1032920,干锅五花肉,12.0,10329
1033001,酸辣粉（面）,10.0,10330
1033002,原味米粉（面）,10.0,10330
1033003,肉沫米粉（面）,11.0,10330
1033004,笋尖米粉（面）,11.0,10330
1033005,金针菇米粉（面）,11.0,10330
1033006,牛肉米粉（面）,13.0,10330
1033101,佛家素食,10.0,10331
1033102,飘香多蘑,11.0,10331
1033103,香煎鸡胸肉,12.0,10331
1033104,酱香鱿鱼,13.0,10331
1033105,乐享顶级梅肉,13.0,10331
1033106,特味特肥牛,14.0,10331
1033201,素铁锅焖面,8.0,10332
1033202,蒜苔肉焖面,12.0,10332
1033203,鸡蛋铁锅焖面,9.0,10332
1033204,孜然铁锅焖面,9.0,10332
1033301,重庆小面,9.0,10333
1033302,酸菜肉丝面,10.0,10333
1033303,茄子肉丁面,10.0,10333
1033304,茄子河粉,10.0,10333
1033305,担担面,12.0,10333
1033306,担担河粉,12.0,10333
1033307,酸辣粉,8.0,10333
1033308,酸辣面,8.0,10333
1033309,大骨高汤菌菇面,10.0,10333
1033310,大骨高汤鱼籽面,12.0,10333
1033311,浓汤排骨面,15.0,10333
1033312,番茄浓汤牛肉面,15.0,10333
1033313,招牌牛肉面,16.0,10333
1033314,招牌牛肉河粉,16.0,10333
1033315,最爱肉酱面,11.0,10333
1033316,杂酱面,12.0,10333
1033317,宜宾燃面,12.0,10333
1033318,咖喱鸡块面,13.0,10333
1033319,招牌碗杂面,13.0,10333
1033320,飘香麻酱拌面,7.0,10333
1033321,飘香麻酱鸡丝拌面,10.0,10333
1033322,飘香麻酱火腿面,10.0,10333
1033323,冰糖（碗）,3.0,10333
1033324,卤蛋,1.2,10333
1050101,馒头,0.5,10501
1050102,米饭,1.0,10501
1050201,花生米,\N,10502
1050202,酸豆角,\N,10502
1050203,干萝卜,\N,10502
1050204,红油皮蛋,\N,10502
1050205,酸辣土豆丝,\N,10502
1050301,酱汁排骨,6.0,10503
1050302,红烧猪脚,6.0,10503
1050303,把子肉,6.0,10503
1050304,梅菜扣肉,6.0,10503
1050305,萝卜牛腩,6.0,10503
1050306,咖喱牛肉,6.0,10503
1050307,萝卜排骨,5.0,10503
1050308,香菇炖鸡,5.0,10503
1050401,红烧鸡腿,5.0,10504
1050402,啤酒鸭,5.0,10504
1050403,梅菜扣肉,5.0,10504
1050404,水煮肉片,5.0,10504
1050405,牙签肉,5.0,10504
1050406,无锡排骨,5.0,10504
1050407,口水鸭,5.0,10504
1050408,酸菜鱼,5.0,10504
1050409,毛血旺,5.0,10504
1050501,辣椒炒肉,\N,10505
1050502,炒三丝,\N,10505
1050503,肉末冬瓜,\N,10505
1050504,木须肉,\N,10505
1050505,肉沫粉丝,\N,10505
1050506,鱼香肉丝,\N,10505
1050507,西红柿炒蛋,\N,10505
1050508,火腿肠炒蛋,\N,10505
1050509,香菇肉片,\N,10505
1050510,蒜黄炒蛋,\N,10505
1050601,西芹炒香干,\N,10506
1050602,芽白炒腐竹,\N,10506
1050603,炒三丁,\N,10506
1050604,红枣蒸南瓜,\N,10506
1050605,苦瓜炒木耳,\N,10506
1050606,家常豆腐,\N,10506
1050701,蒜蓉油麦菜,\N,10507
1050702,剁椒芽白,\N,10507
1050703,麻婆豆腐,\N,10507
1050704,蒜蓉快菜,\N,10507
1050705,土豆丝,\N,10507
1050706,清炒冬瓜片,\N,10507
1050707,蒜蓉小油菜,\N,10507
1050708,清炒豆苗,\N,10507
1050709,菠菜,\N,10507
1050801,卤蛋,1.2,10508
1050802,土豆丝片,2.0,10508
1050803,豆皮,3.0,10508
1050804,腐竹,3.0,10508
1050805,鱼豆腐,3.0,10508
1050806,海带丝,3.0,10508
1050807,莲心藕片,3.0,10508
1050808,粉丝包菜,3.0,10508
1050809,四喜丸子,4.0,10508
1050810,香辣鸡腿,5.0,10508
1050811,牛肉,6.0,10508
1050812,鱿鱼,6.0,10508
1050813,五花肉,6.0,10508
1050814,猪耳朵,6.0,10508
1050815,鸡米花,6.0,10508
1050816,开心鸡骨,6.0,10508
1050817,西芹牛骨,6.0,10508
1050818,迷你肉串,6.0,10508
1050901,金针鸡骨饭,8.5,10509
1050902,八宝酱丁饭,9.0,10509
1050903,一品豆腐饭,9.5,10509
1050904,咖喱鸡米饭,11.0,10509
1050905,香酥鸡饭,13.0,10509
1050906,肉沫茄子饭,10.0,10509
1050907,鱼香肉丝饭,11.0,10509
1050908,香辣鸡丁饭,12.0,10509
1050909,黑椒里脊饭,13.0,10509
1050910,土豆酱汁肉饭,13.0,10509
1050911,梅菜扣肉饭,14.0,10509
1050912,酱汁排骨饭,15.0,10509
1050913,酱汁牛肉饭,16.0,10509
1050914,酸菜小笋肉沫饭,12.0,10509
1050915,香菇烧鸡饭,13.0,10509
1050916,台湾卤肉饭,14.0,10509
1050917,红烧牛肉饭,15.0,10509
1050918,广式腊肠双拼饭,15.0,10509
1051001,龙利鱼单人套餐,15.0,10510
1051002,黑鱼单人套餐,18.0,10510
1051003,龙利鱼双人套餐,24.0,10510
1051004,黑鱼双人套餐,29.0,10510
1051101,鸡蛋面,6.0,10511
1051102,榨菜肉丝面,7.0,10511
1051103,西红柿鸡蛋面,7.0,10511
1051104,菌菇面,8.0,10511
1051105,肉丸面,8.0,10511
1051106,香菇肉丝面,8.0,10511
1051107,梅菜大排面,10.0,10511
1051108,麻辣牛肚面,11.0,10511
1051109,葱香拌面,5.0,10511
1051110,酸辣拌面,6.0,10511
1051111,麻辣拌面,6.0,10511
1051112,麻酱拌面,6.0,10511
1051113,招牌杂酱面,8.0,10511
1051114,肉酱拌面,9.0,10511
1051115,素三鲜,7.0,10511
1051116,土豆鸡块,8.0,10511
1051117,茄香肉丁面,8.0,10511
1051118,红油鸡丁面,9.0,10511
1060101,麻辣烫、麻辣香锅（荤素同价称斤）,18.8,10601
1060201,猪肉大葱水饺（24个）,12.0,10602
1060202,猪肉白菜水饺（24个）,12.0,10602
1060203,猪肉香菇水饺（24个）,12.0,10602
1060204,猪肉酸菜水饺（24个）,12.0,10602
1060205,猪肉茴香水饺（24个）,12.0,10602
1060206,素三鲜水饺（24个）,12.0,10602
1060207,素白菜水饺（24个）,12.0,10602
1060208,牛肉水饺（24个）,15.0,10602
1060209,猪肉三鲜水饺（24个）,15.0,10602
1060301,辣白菜五花肉,15.0,10603
1060302,黑椒培根,13.0,10603
1060303,孜然烤肉,15.0,10603
1060304,辣白菜五花肉,14.0,10603
1060305,香酥鸡排,14.0,10603
1060306,金牌什锦,12.0,10603
1060307,招牌鸡,15.0,10603
1060308,金牌时蔬,10.0,10603
1060309,麻辣鸡丁,14.0,10603
1060310,巨无霸双拼,18.0,10603
1060311,黑椒牛肉,16.0,10603
1060312,黑椒(TODO),14.0,10603
1060313,五花金针菇,16.0,10603
1060314,金牌五花肉,15.0,10603
1060315,鲜虾海苔,16.0,10603
1060316,红酒牛扒,18.0,10603
1060401,锅包肉,6.0,10604
1060402,红炒鳕鱼,3.0,10604
1060403,脆皮烤鸭,6.0,10604
1060404,雪花鸡排,5.0,10604
1060405,烤鸡腿,5.0,10604
1060406,奥尔良鸡腿肉,6.0,10604
1060407,排骨玉米,6.0,10604
1060408,红烧肉,6.0,10604
1060409,干炸蘑菇,5.0,10604
1060410,杏鲍菇炒肉,5.0,10604
1060411,什锦火锅,5.0,10604
1060412,宫保鸡丁,4.0,10604
1060413,木须肉,5.0,10604
1060414,番茄翅根,3.0,10604
1060415,蒜苔炒肉,5.0,10604
1060416,干炸豆干,5.0,10604
1060417,木须柿子,3.0,10604
1060418,素炒青菜,3.0,10604
1060419,香甜玉米粒,3.0,10604
1060420,地三鲜,3.0,10604
1060421,蔬菜丸子,3.0,10604
1060422,红白豆腐,3.0,10604
1060423,西葫鸡蛋,3.0,10604
1060424,土豆丝,3.0,10604
1060425,豆菜,1.0,10604
1060426,爆炒圆白菜,1.0,10604
1060427,蒜蓉油菜,3.0,10604
1060428,冻豆腐白菜,3.0,10604
1060429,木耳炒冬瓜,3.0,10604
1060430,麻辣豆腐,2.0,10604
1060431,家常油饼,2.0,10604
1060432,葱花饼,1.5,10604
1060433,花卷,0.6,10604
1060434,土豆饼,1.5,10604
1060435,玉米饼,1.0,10604
1060436,鸡蛋,1.0,10604
1060437,冰糖红枣粥,1.0,10604
1060438,小菜,1.0,10604
1060501,排骨饭套餐,14.8,10605
1060502,排骨饭套餐（大份）,21.8,10605
1060503,酱骨头套餐,19.8,10605
1060601,香辣牛肉（3个）,13.0,10606
1060602,十香鸡肉（3个）,10.0,10606
1060603,辣味培根（3个）,10.0,10606
1060604,咖喱虾仁（3个）,13.0,10606
1060605,黑椒腊肠（3个）,12.0,10606
1060606,什锦香菇（3个）,9.0,10606
1060607,香辣牛肉（1个）,4.5,10606
1060608,十香鸡肉（1个）,3.5,10606
1060609,辣味培根（1个）,3.5,10606
1060610,咖喱虾仁（1个）,4.5,10606
1060611,黑椒腊肠（1个）,4.0,10606
1060612,什锦香菇（1个）,3.0,10606
1060701,麻团,0.5,10607
1060702,春卷,0.5,10607
1060703,馒头,0.5,10607
1060704,花卷,0.6,10607
1060705,烤肠,1.5,10607
1060706,培根,1.5,10607
1060707,麻油饼,1.5,10607
1060708,红豆粥,1.5,10607
1060709,南瓜粥,1.5,10607
1060710,红薯粥,1.5,10607
1060711,绿豆粥,1.5,10607
1060712,西红柿蛋汤,1.0,10607
1060713,白米粥,0.5,10607
1060714,蛋炒饭,6.0,10607
1060715,手抓饼,3.0,10607
1060716,红油萝卜干,0.5,10607
1060717,酸辣咸白菜,0.5,10607
1060718,炒饼丝,6.0,10607
1060719,清炒素菜,1.0,10607
1060801,绿豆芽,1.0,10608
1060802,酸辣土豆丝,2.0,10608
1060803,西红柿鸡蛋,3.0,10608
1060804,素炒菜花,3.0,10608
1060805,蒜香油菜,3.0,10608
1060806,青椒炒培根,5.0,10608
1060807,椒香烤肠,5.0,10608
1060808,酥香鸡米花,5.0,10608
1060809,香辣鸡块,5.0,10608
1060810,奥尔良鸡排,5.0,10608
1060811,蒜苔炒瘦肉,5.0,10608
1060812,美味金针菇,5.0,10608
1060813,家常豆腐,3.0,10608
1060814,白菜豆皮,3.0,10608
1060815,红烧茄子,3.0,10608
1060816,青瓜炒腐竹,3.0,10608
1060817,西葫炒蛋,3.0,10608
1060818,包菜粉丝,3.0,10608
1060819,三色菜,5.0,10608
1060820,肉沫粉丝,5.0,10608
1060821,卤水鸭,6.0,10608
1060822,青椒回锅肉,6.0,10608
1060823,香菇肉片,5.0,10608
1060824,酸菜鱼,6.0,10608
1060825,糖醋脆骨,6.0,10608
1060826,木耳滑鸡,6.0,10608
1060827,五花肉炖黄豆,6.0,10608
1060901,肥牛土豆,13.0,10609
1060902,五花肉豆皮,13.0,10609
1060903,培根土豆金针菇,14.0,10609
1060904,酥肉茄子,13.0,10609
1060905,骨连鱼丸,13.0,10609
1060906,鸡排千叶豆腐脆肠,14.0,10609
1060907,骨连金针菇鸡蛋鱼豆腐,15.0,10609
1060908,干锅茄子,10.0,10609
1060909,干锅土豆,10.0,10609
1060910,干锅鸡蛋,10.0,10609
1060911,干锅豆皮,10.0,10609
1060912,干锅大豆耳,10.0,10609
1060913,干锅金针菇,11.0,10609
1060914,干锅脆肠,11.0,10609
1060915,干锅鱼丸,11.0,10609
1060916,干锅鱼豆腐,11.0,10609
1060917,干锅龙虾排,11.0,10609
1060918,干锅千页豆腐,11.0,10609
1060919,干锅骨肉相连,12.0,10609
1060920,干锅酥肉,12.0,10609
1060921,干锅培根,12.0,10609
1060922,干锅小肉,12.0,10609
1060923,干锅鸡排,12.0,10609
1060924,干锅肥牛,12.0,10609
1060925,干锅五花肉,12.0,10609
1060926,干锅果木烤鸭胸,12.0,10609
1060927,干锅里脊,12.0,10609
1061001,什锦炒饭,7.0,10610
1061002,老干妈炒饭,8.0,10610
1061003,香菇酱炒饭,9.0,10610
1061004,培根炒饭,9.0,10610
1061005,骨肉相连炒饭,10.0,10610
1061006,奥尔良鸡腿肉炒饭,10.0,10610
1061007,烤冷面,7.0,10610
1061008,蛋炒饭,8.0,10610
1061009,鱼豆腐炒饭,8.0,10610
1061010,金针菇酱炒饭,9.0,10610
1061011,尖椒肉丝炒饭,9.0,10610
1061012,鱿鱼炒饭,10.0,10610
1061013,鸡蛋,1.2,10610
1061014,烤肠,1.5,10610
1061015,培根,2.0,10610
1061101,猪肉大葱（10个）,6.0,10611
1061102,香菇猪肉（10个）,6.0,10611
1061103,西葫芦鸡蛋（10个）,6.0,10611
1061104,芹菜猪肉（10个）,6.0,10611
1061105,三鲜猪肉（10个）,6.0,10611
1061106,白菜猪肉（10个）,6.0,10611
1061107,酸菜猪肉（10个）,6.0,10611
1061108,茴香猪肉（10个）,6.0,10611
1061109,黑芝麻汤圆,6.0,10611
1061110,鸡蛋馄饨汤,6.0,10611
1061201,新奥尔良鸡腿饭,13.0,10612
1061202,黑椒鸡腿饭,13.0,10612
1061203,秘制肥牛饭,13.0,10612
1061204,鸭腿饭,12.0,10612
1061205,韩式拌饭,10.0,10612
1061206,大酱汤+米饭,10.0,10612
1061207,鸡排饭,12.0,10612
1061208,红烧肉饭,12.0,10612
1061209,糖醋肉饭,12.0,10612
1061210,蛋包饭,12.0,10612
1061211,石锅拌饭,12.0,10612
1061212,石锅鸡肉拌饭,12.0,10612
1061301,重庆小面,9.0,10613
1061302,醉爱凉面,7.0,10613
1061303,担担面,12.0,10613
1061304,杂酱面,12.0,10613
1061305,宜宾燃面,12.0,10613
1061306,茄子肉丁面,10.0,10613
1061307,酸菜肉丝面,10.0,10613
1061308,醉爱肉酱面,11.0,10613
1061309,招牌碗杂面,13.0,10613
1061310,招牌牛肉面,16.0,10613
1061401,农家臊子面（肉加1元）,7.0,10614
1061402,风味炸酱面,9.0,10614
1061403,油泼面,7.0,10614
1061404,西红柿鸡蛋面,8.0,10614
1061405,油条,1.0,10614
1061406,豆腐脑,2.0,10614
1061407,豆浆,1.5,10614
1061501,1份烤肉+2个素菜+1份米饭,12.0,10615
1061502,1份烤肉+3个素菜+1份米饭,13.0,10615
1061503,冰糖绿豆粥,2.0,10615
1061504,黑米八宝粥,2.0,10615
1061601,原味牛肉粉,9.0,10616
1061602,番茄牛肉粉,11.0,10616
1061603,香肠牛肉粉,11.0,10616
1061604,金针菇牛肉粉,10.0,10616
1061605,鸡柳牛肉粉,11.0,10616
1061606,特色牛肉粉,14.0,10616
1061607,牛肉罩饼,8.0,10616
1061608,烤肉卷饼,5.0,10616
1061609,牛奶燕麦粥,2.0,10616
1061610,小米地瓜粥,2.0,10616
1061701,山东杂粮煎饼原味,5.0,10617
1061702,武大郎烧饼原味,4.0,10617
1061703,鸡柳,2.0,10617
1061704,肉串,2.0,10617
1061705,里脊,2.0,10617
1061706,培根,1.5,10617
1061707,火腿肠,1.5,10617
1061708,烤肠,1.5,10617
1061709,土豆丝,1.5,10617
1061710,煎蛋,1.2,10617
1061711,腊肠,3.0,10617
1061712,鸡排,2.0,10617
1061713,现磨豆浆,2.0,10617
1061801,蔬菜粗粮面,8.0,10618
1061802,什锦粗粮面,9.0,10618
1061803,蟹棒粗粮面,9.0,10618
1061804,鸡丸粗粮面,9.0,10618
1061805,虾丸粗粮面,9.0,10618
1061806,火腿粗粮面,9.0,10618
1061807,羊肉粗粮面,14.0,10618
1061808,海鲜粗粮面,15.0,10618
1061809,香菇脆粗粮面,10.0,10618
1061810,鱼豆腐粗粮面,11.0,10618
1061811,墨鱼丸粗粮面,11.0,10618
1061812,桂花肠粗粮面,11.0,10618
1061813,金针菇粗粮面,11.0,10618
1061814,章鱼丸粗粮面,11.0,10618
1061815,撒尿牛丸粗粮面,12.0,10618
1061816,香菇贡丸粗粮面,14.0,10618
1061817,特色丸子粗粮面,16.0,10618
1061818,极品双人粗粮面,22.0,10618
1061901,黑米凉皮,8.0,10619
1061902,凉皮,7.0,10619
1061903,牛筋面,7.0,10619
1061904,小米绿豆凉皮,7.0,10619
1061905,麻辣鸡肉拌饭,12.0,10619
1061906,沙拉鸡肉拌饭,11.0,10619
1061907,原味鸡肉拌饭,12.0,10619
1061908,草莓沙拉鸡肉拌饭,11.0,10619
1062001,素过桥米线（面）,8.0,10620
1062002,火腿过桥米线（面）,9.0,10620
1062003,鱼豆腐过桥米线（面）,9.0,10620
1062004,菠菜丸过桥米线（面）,9.0,10620
1062005,蟹棒过桥米线（面）,9.0,10620
1062006,桂花肠过桥米线（面）,9.0,10620
1062007,香菇脆过桥米线（面）,10.0,10620
1062008,章鱼丸过桥米线（面）,10.0,10620
1062009,墨鱼丸过桥米线（面）,10.0,10620
1062010,牛羊肉过桥米线（面）,12.0,10620
1062101,砂锅豆腐面,8.0,10621
1062102,砂锅火腿面,8.0,10621
1062103,砂锅鱼豆腐面,8.0,10621
1062104,砂锅菠菜丸面,8.0,10621
1062105,砂锅蟹棒面,8.0,10621
1062106,砂锅桂花肠面,8.0,10621
1062107,砂锅香菇脆面,9.0,10621
1062108,砂锅章鱼丸面,9.0,10621
1062109,砂锅墨鱼丸面,9.0,10621
1062110,砂锅牛羊肉面,10.0,10621
1062111,砂锅鱼虾丸面,8.0,10621
1062201,西红柿鸡蛋刀削面,7.0,10622
1062202,香菇鸡丁刀削面,7.0,10622
1062203,炸酱肉丝刀削面,7.0,10622
1062204,牛肉油泼刀削面,8.0,10622
1062205,小盘鸡刀削面,10.0,10622
1062206,麻辣担担面,8.0,10622
1062207,酸菜担担面,9.0,10622
1062208,豌豆担担面,9.0,10622
1062209,牛肉担担面,10.0,10622
1062210,肉沫担担面,10.0,10622
1062211,山西凉面,7.0,10622
1062212,鸡丝凉面,8.0,10622
1062213,火腿凉面,8.0,10622
1062214,牛肉凉面,9.0,10622
1062301,鸡蛋炒饼（大份加3元）,5.0,10623
1062302,鸡蛋炒面（大份加3元）,5.0,10623
1062401,三鲜水饺（20个）,10.0,10624
1062402,猪肉白菜（20个）,10.0,10624
1062403,猪肉大葱（20个）,10.0,10624
1062404,猪肉茴香（20个）,10.0,10624
1062501,鲜肉小笼包,6.0,10625
1062502,素包子,6.0,10625
1062503,鲜肉蒸饺,7.0,10625
1062504,南方烧麦,7.0,10625
1062505,馄饨,4.0,10625
1062506,紫米粥,2.0,10625
1062507,紫菜鸡蛋汤,3.0,10625
1062508,鲜肉水饺,10.0,10625
